Invoice ID,Branch,City,Customer type,Gender,Product line,Unit price,Quantity,Tax 5%,Total,Date,Time,Payment,cogs,gross margin percentage,gross income,Rating
692-92-5582,B,Abuja,Member,Female,Food and beverages,"?19,742.40",3,2961.36,62188.56,2/20/2019,13:27,Card,59227.2,4.761904762,2961.36,5.90
351-62-0822,B,Abuja,Member,Female,Fashion accessories,"?5,212.80",4,1042.56,21893.76,02/06/2019,18:07,Epay,20851.2,4.761904762,1042.56,4.50
529-56-3974,B,Abuja,Member,Male,Electronic accessories,"?9,183.60",4,1836.72,38571.12,03/09/2019,17:03,Cash,36734.4,4.761904762,1836.72,6.80
299-46-1805,B,Abuja,Member,Female,Sports and travel,"?33,739.20",6,10121.76,212556.96,1/15/2019,16:19,Cash,202435.2,4.761904762,10121.76,4.50
319-50-3348,B,Abuja,Normal,Female,Home and lifestyle,"?14,508.00",2,1450.8,30466.8,03/11/2019,15:30,Epay,29016,4.761904762,1450.8,4.40
371-85-5789,B,Abuja,Normal,Male,Health and beauty,"?31,672.80",3,4750.92,99769.32,03/05/2019,10:40,Epay,95018.4,4.761904762,4750.92,5.10
273-16-6619,B,Abuja,Normal,Male,Home and lifestyle,"?11,952.00",2,1195.2,25099.2,3/15/2019,12:20,Card,23904,4.761904762,1195.2,4.40
649-29-6775,B,Abuja,Normal,Male,Fashion accessories,"?12,067.20",1,603.36,12670.56,02/08/2019,15:31,Cash,12067.2,4.761904762,603.36,6.70
145-94-9061,B,Abuja,Normal,Female,Food and beverages,"?31,809.60",5,7952.4,167000.4,1/25/2019,19:48,Cash,159048,4.761904762,7952.4,9.60
871-79-8483,B,Abuja,Normal,Male,Fashion accessories,"?33,886.80",5,8471.7,177905.7,2/25/2019,19:39,Card,169434,4.761904762,8471.7,4.80
149-71-6266,B,Abuja,Member,Male,Sports and travel,"?28,105.20",9,12647.34,265594.14,1/28/2019,12:43,Cash,252946.8,4.761904762,12647.34,4.50
640-49-2076,B,Abuja,Normal,Male,Sports and travel,"?30,160.80",8,12064.32,253350.72,01/10/2019,14:49,Cash,241286.4,4.761904762,12064.32,5.10
777-82-7220,B,Abuja,Member,Male,Home and lifestyle,"?10,843.20",8,4337.28,91082.88,03/03/2019,13:01,Cash,86745.6,4.761904762,4337.28,7.70
280-35-5823,B,Abuja,Member,Female,Home and lifestyle,"?31,219.20",1,1560.96,32780.16,1/17/2019,18:45,Epay,31219.2,4.761904762,1560.96,7.90
354-25-5821,B,Abuja,Member,Female,Sports and travel,"?24,883.20",6,7464.96,156764.16,02/08/2019,13:03,Cash,149299.2,4.761904762,7464.96,5.60
132-32-9879,B,Abuja,Member,Female,Electronic accessories,"?33,825.60",4,6765.12,142067.52,03/09/2019,18:00,Cash,135302.4,4.761904762,6765.12,9.50
370-41-7321,B,Abuja,Member,Male,Health and beauty,"?20,408.40",9,9183.78,192859.38,2/27/2019,17:24,Card,183675.6,4.761904762,9183.78,8.40
727-46-3608,B,Abuja,Member,Female,Food and beverages,"?7,203.60",9,3241.62,68074.02,02/06/2019,15:47,Epay,64832.4,4.761904762,3241.62,4.10
669-54-1719,B,Abuja,Member,Male,Electronic accessories,"?6,814.80",6,2044.44,42933.24,02/10/2019,12:45,Card,40888.8,4.761904762,2044.44,8.10
616-24-2851,B,Abuja,Member,Female,Fashion accessories,"?6,433.20",4,1286.64,27019.44,3/22/2019,14:42,Epay,25732.8,4.761904762,1286.64,6.50
242-55-6721,B,Abuja,Normal,Male,Home and lifestyle,"?5,817.60",2,581.76,12216.96,03/07/2019,11:49,Epay,11635.2,4.761904762,581.76,6.50
347-34-2234,B,Abuja,Member,Female,Sports and travel,"?19,825.20",9,8921.34,187348.14,02/03/2019,13:40,Epay,178426.8,4.761904762,8921.34,10.00
853-23-2453,B,Abuja,Member,Male,Health and beauty,"?27,266.40",4,5453.28,114518.88,2/14/2019,14:35,Cash,109065.6,4.761904762,5453.28,7.60
109-28-2512,B,Abuja,Member,Female,Fashion accessories,"?35,139.60",6,10541.88,221379.48,01/07/2019,15:01,Epay,210837.6,4.761904762,10541.88,9.90
510-95-6347,B,Abuja,Member,Female,Food and beverages,"?17,467.20",3,2620.08,55021.68,03/05/2019,18:17,Epay,52401.6,4.761904762,2620.08,4.00
847-38-7188,B,Abuja,Normal,Female,Food and beverages,"?34,804.80",3,5220.72,109635.12,1/26/2019,19:56,Epay,104414.4,4.761904762,5220.72,6.40
318-68-5053,B,Abuja,Normal,Female,Health and beauty,"?27,716.40",6,8314.92,174613.32,2/27/2019,17:55,Cash,166298.4,4.761904762,8314.92,6.10
152-08-9985,B,Abuja,Member,Male,Health and beauty,"?23,169.60",9,10426.32,218952.72,03/12/2019,12:09,Card,208526.4,4.761904762,10426.32,8.60
766-85-7061,B,Abuja,Normal,Male,Health and beauty,"?31,633.20",10,15816.6,332148.6,3/29/2019,10:25,Epay,316332,4.761904762,15816.6,5.10
733-01-9107,B,Abuja,Normal,Male,Home and lifestyle,"?29,772.00",6,8931.6,187563.6,03/05/2019,18:14,Cash,178632,4.761904762,8931.6,7.40
716-39-1409,B,Abuja,Normal,Male,Health and beauty,"?10,926.00",7,3824.1,80306.1,3/19/2019,18:19,Cash,76482,4.761904762,3824.1,8.00
479-26-8945,B,Abuja,Member,Female,Sports and travel,"?5,936.40",2,593.64,12466.44,02/05/2019,11:32,Epay,11872.8,4.761904762,593.64,4.60
227-78-1148,B,Abuja,Normal,Female,Fashion accessories,"?26,222.40",7,9177.84,192734.64,2/15/2019,12:44,Cash,183556.8,4.761904762,9177.84,8.40
291-32-1427,B,Abuja,Member,Male,Fashion accessories,"?7,898.40",5,1974.6,41466.6,03/05/2019,12:29,Epay,39492,4.761904762,1974.6,5.30
659-65-8956,B,Abuja,Member,Male,Fashion accessories,"?18,489.60",1,924.48,19414.08,1/16/2019,15:26,Epay,18489.6,4.761904762,924.48,5.20
378-24-2715,B,Abuja,Normal,Male,Home and lifestyle,"?19,238.40",2,1923.84,40400.64,1/20/2019,20:38,Epay,38476.8,4.761904762,1923.84,4.10
219-22-9386,B,Abuja,Member,Male,Sports and travel,"?35,985.60",9,16193.52,340063.92,03/09/2019,17:26,Card,323870.4,4.761904762,16193.52,4.20
268-27-6179,B,Abuja,Member,Female,Fashion accessories,"?20,329.20",8,8131.68,170765.28,03/09/2019,14:57,Epay,162633.6,4.761904762,8131.68,7.30
549-84-7482,B,Abuja,Normal,Female,Sports and travel,"?32,500.80",9,14625.36,307132.56,02/08/2019,11:15,Epay,292507.2,4.761904762,14625.36,7.20
191-10-6171,B,Abuja,Normal,Female,Fashion accessories,"?14,263.20",7,4992.12,104834.52,1/25/2019,13:18,Cash,99842.4,4.761904762,4992.12,7.50
695-51-0018,B,Abuja,Normal,Female,Sports and travel,"?12,542.40",4,2508.48,52678.08,02/10/2019,18:36,Cash,50169.6,4.761904762,2508.48,7.40
590-83-4591,B,Abuja,Member,Male,Electronic accessories,"?31,482.00",6,9444.6,198336.6,2/17/2019,14:40,Card,188892,4.761904762,9444.6,8.80
241-72-9525,B,Abuja,Normal,Male,Sports and travel,"?18,687.60",10,9343.8,196219.8,2/16/2019,12:21,Cash,186876,4.761904762,9343.8,8.20
262-47-2794,B,Abuja,Member,Male,Home and lifestyle,"?25,869.60",8,10347.84,217304.64,03/06/2019,15:07,Card,206956.8,4.761904762,10347.84,6.20
608-96-3517,B,Abuja,Member,Female,Fashion accessories,"?32,954.40",4,6590.88,138408.48,3/23/2019,19:20,Card,131817.6,4.761904762,6590.88,4.80
279-74-2924,B,Abuja,Member,Male,Electronic accessories,"?25,981.20",1,1299.06,27280.26,01/04/2019,19:40,Cash,25981.2,4.761904762,1299.06,6.10
307-85-2293,B,Abuja,Normal,Male,Home and lifestyle,"?18,100.80",5,4525.2,95029.2,03/07/2019,13:58,Epay,90504,4.761904762,4525.2,9.70
743-04-1105,B,Abuja,Member,Male,Health and beauty,"?34,999.20",9,15749.64,330742.44,3/30/2019,14:43,Epay,314992.8,4.761904762,15749.64,6.00
423-57-2993,B,Abuja,Normal,Male,Sports and travel,"?33,620.40",6,10086.12,211808.52,3/27/2019,19:18,Epay,201722.4,4.761904762,10086.12,10.00
548-46-9322,B,Abuja,Normal,Male,Food and beverages,"?14,364.00",10,7182,150822,2/20/2019,15:24,Card,143640,4.761904762,7182,5.90
505-02-0892,B,Abuja,Member,Male,Health and beauty,"?15,325.20",8,6130.08,128731.68,2/25/2019,14:12,Epay,122601.6,4.761904762,6130.08,5.60
316-55-4634,B,Abuja,Member,Male,Food and beverages,"?28,818.00",5,7204.5,151294.5,1/26/2019,12:45,Card,144090,4.761904762,7204.5,9.40
608-27-6295,B,Abuja,Member,Male,Electronic accessories,"?19,040.40",6,5712.12,119954.52,1/19/2019,17:34,Card,114242.4,4.761904762,5712.12,9.80
414-12-7047,B,Abuja,Normal,Male,Food and beverages,"?7,124.40",8,2849.76,59844.96,1/18/2019,12:04,Epay,56995.2,4.761904762,2849.76,8.70
895-66-0685,B,Abuja,Member,Male,Food and beverages,"?6,508.80",3,976.32,20502.72,03/05/2019,19:46,Epay,19526.4,4.761904762,976.32,8.00
305-14-0245,B,Abuja,Member,Female,Home and lifestyle,"?34,016.40",8,13606.56,285737.76,03/03/2019,19:00,Epay,272131.2,4.761904762,13606.56,7.50
732-04-5373,B,Abuja,Member,Male,Home and lifestyle,"?16,729.20",4,3345.84,70262.64,02/08/2019,10:53,Cash,66916.8,4.761904762,3345.84,7.00
284-34-9626,B,Abuja,Normal,Female,Home and lifestyle,"?27,734.40",3,4160.16,87363.36,02/11/2019,10:39,Card,83203.2,4.761904762,4160.16,7.20
437-58-8131,B,Abuja,Normal,Female,Fashion accessories,"?26,467.20",2,2646.72,55581.12,1/15/2019,13:41,Epay,52934.4,4.761904762,2646.72,4.60
641-43-2399,B,Abuja,Normal,Male,Home and lifestyle,"?9,198.00",4,1839.6,38631.6,1/26/2019,20:23,Epay,36792,4.761904762,1839.6,5.70
542-41-0513,B,Abuja,Member,Female,Electronic accessories,"?20,696.40",4,4139.28,86924.88,3/15/2019,11:57,Cash,82785.6,4.761904762,4139.28,6.60
875-46-5808,B,Abuja,Member,Male,Health and beauty,"?9,324.00",10,4662,97902,02/06/2019,14:51,Epay,93240,4.761904762,4662,8.70
394-43-4238,B,Abuja,Member,Male,Home and lifestyle,"?6,397.20",5,1599.3,33585.3,2/15/2019,12:42,Card,31986,4.761904762,1599.3,5.40
573-58-9734,B,Abuja,Normal,Female,Fashion accessories,"?10,933.20",3,1639.98,34439.58,3/28/2019,13:41,Epay,32799.6,4.761904762,1639.98,5.10
817-69-8206,B,Abuja,Normal,Female,Electronic accessories,"?35,902.80",9,16156.26,339281.46,03/02/2019,19:42,Card,323125.2,4.761904762,16156.26,6.50
142-63-6033,B,Abuja,Normal,Male,Home and lifestyle,"?33,249.60",5,8312.4,174560.4,3/20/2019,19:17,Epay,166248,4.761904762,8312.4,4.90
656-16-1063,B,Abuja,Normal,Male,Sports and travel,"?16,711.20",3,2506.68,52640.28,01/04/2019,13:24,Card,50133.6,4.761904762,2506.68,4.40
891-58-8335,B,Abuja,Member,Female,Sports and travel,"?10,659.60",7,3730.86,78348.06,03/11/2019,15:53,Cash,74617.2,4.761904762,3730.86,6.50
560-30-5617,B,Abuja,Normal,Female,Sports and travel,"?8,917.20",5,2229.3,46815.3,3/24/2019,18:27,Cash,44586,4.761904762,2229.3,8.50
549-03-9315,B,Abuja,Normal,Male,Fashion accessories,"?34,153.20",8,13661.28,286886.88,02/12/2019,12:58,Epay,273225.6,4.761904762,13661.28,8.70
790-29-1172,B,Abuja,Normal,Female,Food and beverages,"?20,642.40",3,3096.36,65023.56,03/10/2019,18:59,Card,61927.2,4.761904762,3096.36,7.90
239-36-3640,B,Abuja,Normal,Male,Electronic accessories,"?16,326.00",6,4897.8,102853.8,1/31/2019,13:44,Epay,97956,4.761904762,4897.8,6.10
468-01-2051,B,Abuja,Normal,Male,Food and beverages,"?22,348.80",7,7822.08,164263.68,03/06/2019,13:46,Epay,156441.6,4.761904762,7822.08,5.40
836-82-5858,B,Abuja,Member,Male,Health and beauty,"?24,973.20",9,11237.94,235996.74,1/26/2019,19:14,Epay,224758.8,4.761904762,11237.94,4.00
466-61-5506,B,Abuja,Member,Female,Electronic accessories,"?32,652.00",6,9795.6,205707.6,2/26/2019,10:52,Cash,195912,4.761904762,9795.6,5.30
289-65-5721,B,Abuja,Normal,Female,Fashion accessories,"?29,293.20",2,2929.32,61515.72,1/26/2019,19:28,Cash,58586.4,4.761904762,2929.32,6.50
545-46-3100,B,Abuja,Member,Female,Electronic accessories,"?3,812.40",3,571.86,12009.06,03/12/2019,13:52,Card,11437.2,4.761904762,571.86,8.70
418-02-5978,B,Abuja,Normal,Female,Health and beauty,"?30,272.40",9,13622.58,286074.18,02/11/2019,10:54,Cash,272451.6,4.761904762,13622.58,8.00
269-04-5750,B,Abuja,Member,Male,Fashion accessories,"?26,575.20",4,5315.04,111615.84,2/21/2019,18:31,Cash,106300.8,4.761904762,5315.04,6.70
346-84-3103,B,Abuja,Member,Female,Electronic accessories,"?4,759.20",5,1189.8,24985.8,03/02/2019,19:26,Cash,23796,4.761904762,1189.8,4.30
376-02-8238,B,Abuja,Normal,Male,Home and lifestyle,"?33,793.20",8,13517.28,283862.88,02/02/2019,18:42,Card,270345.6,4.761904762,13517.28,8.30
866-05-7563,B,Abuja,Member,Female,Electronic accessories,"?29,304.00",3,4395.6,92307.6,02/09/2019,19:43,Cash,87912,4.761904762,4395.6,4.80
785-13-7708,B,Abuja,Normal,Male,Food and beverages,"?26,301.60",7,9205.56,193316.76,1/14/2019,19:06,Card,184111.2,4.761904762,9205.56,4.20
845-51-0542,B,Abuja,Member,Male,Food and beverages,"?16,758.00",9,7541.1,158363.1,02/02/2019,15:34,Epay,150822,4.761904762,7541.1,6.40
110-48-7033,B,Abuja,Member,Male,Fashion accessories,"?11,743.20",4,2348.64,49321.44,1/29/2019,14:12,Cash,46972.8,4.761904762,2348.64,9.00
655-85-5130,B,Abuja,Member,Female,Fashion accessories,"?13,788.00",4,2757.6,57909.6,3/13/2019,19:22,Cash,55152,4.761904762,2757.6,5.70
154-74-7179,B,Abuja,Normal,Male,Sports and travel,"?19,602.00",1,980.1,20582.1,2/26/2019,19:24,Epay,19602,4.761904762,980.1,7.90
571-94-0759,B,Abuja,Member,Female,Food and beverages,"?26,856.00",10,13428,281988,01/08/2019,20:55,Cash,268560,4.761904762,13428,9.50
783-09-1637,B,Abuja,Normal,Female,Sports and travel,"?24,274.80",5,6068.7,127442.7,03/06/2019,18:13,Epay,121374,4.761904762,6068.7,6.30
477-24-6490,B,Abuja,Normal,Female,Health and beauty,"?35,895.60",6,10768.68,226142.28,2/26/2019,16:52,Epay,215373.6,4.761904762,10768.68,7.90
566-19-5475,B,Abuja,Normal,Male,Fashion accessories,"?17,269.20",7,6044.22,126928.62,01/07/2019,20:52,Cash,120884.4,4.761904762,6044.22,6.20
498-41-1961,B,Abuja,Normal,Male,Health and beauty,"?24,004.80",5,6001.2,126025.2,2/20/2019,18:01,Cash,120024,4.761904762,6001.2,7.60
283-79-9594,B,Abuja,Normal,Female,Food and beverages,"?17,463.60",7,6112.26,128357.46,1/25/2019,13:30,Card,122245.2,4.761904762,6112.26,5.20
139-20-0155,B,Abuja,Member,Male,Electronic accessories,"?14,508.00",10,7254,152334,1/24/2019,17:37,Card,145080,4.761904762,7254,7.00
585-03-5943,B,Abuja,Normal,Male,Health and beauty,"?6,519.60",10,3259.8,68455.8,3/13/2019,11:46,Epay,65196,4.761904762,3259.8,5.90
573-10-3877,B,Abuja,Member,Male,Health and beauty,"?14,043.60",1,702.18,14745.78,03/12/2019,16:46,Card,14043.6,4.761904762,702.18,4.70
396-90-2219,B,Abuja,Normal,Female,Electronic accessories,"?5,385.60",8,2154.24,45239.04,2/23/2019,12:29,Cash,43084.8,4.761904762,2154.24,8.60
532-59-7201,B,Abuja,Member,Male,Sports and travel,"?28,774.80",6,8632.44,181281.24,1/31/2019,14:04,Cash,172648.8,4.761904762,8632.44,5.50
276-54-0879,B,Abuja,Normal,Male,Sports and travel,"?35,186.40",4,7037.28,147782.88,03/12/2019,19:53,Epay,140745.6,4.761904762,7037.28,6.40
730-61-8757,B,Abuja,Member,Male,Health and beauty,"?18,406.80",4,3681.36,77308.56,1/25/2019,10:11,Card,73627.2,4.761904762,3681.36,4.00
868-81-1752,B,Abuja,Normal,Male,Home and lifestyle,"?7,927.20",9,3567.24,74912.04,02/07/2019,18:48,Cash,71344.8,4.761904762,3567.24,6.80
692-27-8933,B,Abuja,Normal,Female,Sports and travel,"?20,862.00",6,6258.6,131430.6,2/24/2019,13:02,Cash,125172,4.761904762,6258.6,5.20
374-17-3652,B,Abuja,Member,Female,Food and beverages,"?15,415.20",9,6936.84,145673.64,02/05/2019,15:26,Card,138736.8,4.761904762,6936.84,8.90
378-07-7001,B,Abuja,Member,Male,Electronic accessories,"?17,312.40",3,2596.86,54534.06,02/10/2019,18:23,Card,51937.2,4.761904762,2596.86,7.80
433-75-6987,B,Abuja,Member,Female,Health and beauty,"?20,149.20",7,7052.22,148096.62,03/05/2019,19:06,Epay,141044.4,4.761904762,7052.22,8.90
873-95-4984,B,Abuja,Member,Female,Health and beauty,"?27,684.00",7,9689.4,203477.4,2/15/2019,20:21,Cash,193788,4.761904762,9689.4,7.70
400-45-1220,B,Abuja,Normal,Female,Health and beauty,"?4,860.00",10,2430,51030,2/27/2019,11:06,Card,48600,4.761904762,2430,4.80
115-99-4379,B,Abuja,Member,Female,Fashion accessories,"?19,702.80",7,6895.98,144815.58,3/14/2019,19:02,Card,137919.6,4.761904762,6895.98,8.50
565-67-6697,B,Abuja,Member,Male,Home and lifestyle,"?9,720.00",9,4374,91854,03/02/2019,14:16,Cash,87480,4.761904762,4374,4.80
889-04-9723,B,Abuja,Member,Female,Food and beverages,"?32,090.40",4,6418.08,134779.68,01/07/2019,12:20,Card,128361.6,4.761904762,6418.08,7.80
453-63-6187,B,Abuja,Normal,Male,Electronic accessories,"?9,900.00",3,1485,31185,03/01/2019,15:40,Epay,29700,4.761904762,1485,6.50
578-80-7669,B,Abuja,Normal,Male,Sports and travel,"?26,989.20",1,1349.46,28338.66,3/16/2019,16:58,Cash,26989.2,4.761904762,1349.46,5.60
201-86-2184,B,Abuja,Member,Female,Electronic accessories,"?9,453.60",7,3308.76,69483.96,02/02/2019,19:40,Cash,66175.2,4.761904762,3308.76,9.90
261-12-8671,B,Abuja,Normal,Female,Fashion accessories,"?21,945.60",2,2194.56,46085.76,1/25/2019,19:39,Card,43891.2,4.761904762,2194.56,4.90
843-01-4703,B,Abuja,Member,Female,Home and lifestyle,"?12,736.80",9,5731.56,120362.76,01/05/2019,19:50,Card,114631.2,4.761904762,5731.56,9.60
182-69-8360,B,Abuja,Normal,Female,Electronic accessories,"?8,514.00",4,1702.8,35758.8,1/30/2019,13:32,Card,34056,4.761904762,1702.8,4.00
868-52-7573,B,Abuja,Normal,Female,Food and beverages,"?35,888.40",5,8972.1,188414.1,1/14/2019,12:09,Cash,179442,4.761904762,8972.1,9.90
525-88-7307,B,Abuja,Member,Male,Sports and travel,"?27,295.20",1,1364.76,28659.96,1/31/2019,13:19,Cash,27295.2,4.761904762,1364.76,5.80
596-42-3999,B,Abuja,Normal,Male,Food and beverages,"?6,559.20",7,2295.72,48210.12,03/10/2019,14:04,Card,45914.4,4.761904762,2295.72,6.60
173-82-9529,B,Abuja,Normal,Female,Fashion accessories,"?13,662.00",10,6831,143451,1/26/2019,14:51,Cash,136620,4.761904762,6831,9.70
760-54-1821,B,Abuja,Normal,Male,Home and lifestyle,"?4,892.40",9,2201.58,46233.18,3/15/2019,10:26,Cash,44031.6,4.761904762,2201.58,5.80
793-10-3222,B,Abuja,Member,Female,Health and beauty,"?14,781.60",6,4434.48,93124.08,03/05/2019,13:30,Card,88689.6,4.761904762,4434.48,8.30
346-12-3257,B,Abuja,Member,Male,Electronic accessories,"?6,926.40",9,3116.88,65454.48,03/04/2019,16:28,Cash,62337.6,4.761904762,3116.88,8.00
831-64-0259,B,Abuja,Normal,Female,Fashion accessories,"?14,310.00",5,3577.5,75127.5,2/22/2019,10:43,Epay,71550,4.761904762,3577.5,9.60
725-32-9708,B,Abuja,Member,Female,Fashion accessories,"?24,735.60",4,4947.12,103889.52,01/04/2019,19:01,Cash,98942.4,4.761904762,4947.12,4.10
244-08-0162,B,Abuja,Normal,Female,Health and beauty,"?12,315.60",10,6157.8,129313.8,01/02/2019,13:00,Cash,123156,4.761904762,6157.8,5.10
569-71-4390,B,Abuja,Normal,Male,Sports and travel,"?7,873.20",2,787.32,16533.72,1/25/2019,14:29,Epay,15746.4,4.761904762,787.32,6.90
268-03-6164,B,Abuja,Normal,Male,Health and beauty,"?34,599.60",1,1729.98,36329.58,1/25/2019,16:28,Epay,34599.6,4.761904762,1729.98,7.80
848-07-1692,B,Abuja,Normal,Female,Health and beauty,"?20,599.20",2,2059.92,43258.32,01/12/2019,17:13,Epay,41198.4,4.761904762,2059.92,8.30
301-81-8610,B,Abuja,Member,Male,Fashion accessories,"?9,151.20",8,3660.48,76870.08,3/19/2019,19:42,Card,73209.6,4.761904762,3660.48,6.70
198-84-7132,B,Abuja,Member,Male,Fashion accessories,"?14,619.60",9,6578.82,138155.22,01/02/2019,13:40,Cash,131576.4,4.761904762,6578.82,7.00
650-98-6268,B,Abuja,Member,Female,Food and beverages,"?7,513.20",3,1126.98,23666.58,3/20/2019,13:53,Card,22539.6,4.761904762,1126.98,8.00
741-73-3559,B,Abuja,Normal,Male,Sports and travel,"?24,217.20",5,6054.3,127140.3,2/27/2019,17:27,Cash,121086,4.761904762,6054.3,6.90
286-75-7818,B,Abuja,Normal,Male,Fashion accessories,"?24,868.80",2,2486.88,52224.48,1/31/2019,19:48,Card,49737.6,4.761904762,2486.88,6.90
616-87-0016,B,Abuja,Normal,Male,Fashion accessories,"?34,394.40",7,12038.04,252798.84,03/09/2019,14:36,Card,240760.8,4.761904762,12038.04,9.60
837-55-7229,B,Abuja,Normal,Female,Fashion accessories,"?17,078.40",1,853.92,17932.32,2/22/2019,18:19,Card,17078.4,4.761904762,853.92,6.80
394-30-3170,B,Abuja,Member,Female,Sports and travel,"?31,834.80",8,12733.92,267412.32,3/22/2019,19:35,Card,254678.4,4.761904762,12733.92,4.30
390-80-5128,B,Abuja,Member,Female,Health and beauty,"?6,894.00",1,344.7,7238.7,1/28/2019,17:58,Card,6894,4.761904762,344.7,9.50
296-11-7041,B,Abuja,Member,Female,Health and beauty,"?9,745.20",1,487.26,10232.46,01/12/2019,20:07,Card,9745.2,4.761904762,487.26,5.30
449-27-2918,B,Abuja,Member,Female,Sports and travel,"?14,083.20",1,704.16,14787.36,3/26/2019,11:02,Card,14083.2,4.761904762,704.16,9.60
891-01-7034,B,Abuja,Normal,Female,Electronic accessories,"?26,895.60",6,8068.68,169442.28,01/01/2019,19:07,Cash,161373.6,4.761904762,8068.68,6.70
744-09-5786,B,Abuja,Normal,Male,Electronic accessories,"?7,923.60",6,2377.08,49918.68,01/02/2019,18:50,Cash,47541.6,4.761904762,2377.08,7.60
767-54-1907,B,Abuja,Member,Female,Fashion accessories,"?10,641.60",5,2660.4,55868.4,2/13/2019,16:59,Cash,53208,4.761904762,2660.4,6.90
710-46-4433,B,Abuja,Member,Female,Food and beverages,"?27,864.00",9,12538.8,263314.8,2/15/2019,14:15,Card,250776,4.761904762,12538.8,4.50
533-33-5337,B,Abuja,Normal,Male,Electronic accessories,"?28,580.40",10,14290.2,300094.2,02/07/2019,20:24,Cash,285804,4.761904762,14290.2,6.20
234-03-4040,B,Abuja,Member,Female,Food and beverages,"?26,298.00",10,13149,276129,03/03/2019,12:25,Card,262980,4.761904762,13149,8.70
554-53-3790,B,Abuja,Normal,Male,Sports and travel,"?13,327.20",6,3998.16,83961.36,3/22/2019,18:33,Cash,79963.2,4.761904762,3998.16,4.50
731-59-7531,B,Abuja,Member,Male,Health and beauty,"?26,125.20",8,10450.08,219451.68,3/30/2019,17:58,Cash,209001.6,4.761904762,10450.08,4.60
701-69-8742,B,Abuja,Normal,Male,Sports and travel,"?12,373.20",10,6186.6,129918.6,3/16/2019,10:11,Epay,123732,4.761904762,6186.6,6.70
305-18-3552,B,Abuja,Member,Male,Home and lifestyle,"?21,736.80",10,10868.4,228236.4,02/12/2019,16:19,Cash,217368,4.761904762,10868.4,6.00
438-01-4015,B,Abuja,Member,Female,Sports and travel,"?17,816.40",4,3563.28,74828.88,3/21/2019,15:25,Epay,71265.6,4.761904762,3563.28,6.60
709-58-4068,B,Abuja,Normal,Female,Fashion accessories,"?14,792.40",10,7396.2,155320.2,2/28/2019,14:42,Cash,147924,4.761904762,7396.2,7.30
627-95-3243,B,Abuja,Member,Female,Home and lifestyle,"?27,964.80",9,12584.16,264267.36,02/04/2019,13:21,Epay,251683.2,4.761904762,12584.16,9.80
686-41-0932,B,Abuja,Normal,Female,Fashion accessories,"?12,492.00",2,1249.2,26233.2,3/13/2019,19:48,Epay,24984,4.761904762,1249.2,8.20
608-04-3797,B,Abuja,Member,Female,Health and beauty,"?9,115.20",8,3646.08,76567.68,03/05/2019,20:24,Epay,72921.6,4.761904762,3646.08,8.70
437-53-3084,B,Abuja,Normal,Male,Fashion accessories,"?35,960.40",2,3596.04,75516.84,2/26/2019,11:48,Epay,71920.8,4.761904762,3596.04,7.10
632-32-4574,B,Abuja,Normal,Male,Sports and travel,"?27,331.20",8,10932.48,229582.08,3/20/2019,14:14,Cash,218649.6,4.761904762,10932.48,5.50
401-18-8016,B,Abuja,Member,Female,Sports and travel,"?35,326.80",1,1766.34,37093.14,1/21/2019,17:36,Cash,35326.8,4.761904762,1766.34,8.90
277-63-2961,B,Abuja,Member,Male,Sports and travel,"?26,629.20",1,1331.46,27960.66,02/03/2019,15:53,Card,26629.2,4.761904762,1331.46,5.40
282-35-2475,B,Abuja,Normal,Female,Sports and travel,"?33,591.60",2,3359.16,70542.36,3/25/2019,17:53,Cash,67183.2,4.761904762,3359.16,6.30
511-54-3087,B,Abuja,Normal,Male,Sports and travel,"?31,842.00",1,1592.1,33434.1,2/25/2019,16:36,Card,31842,4.761904762,1592.1,9.50
387-49-4215,B,Abuja,Member,Female,Sports and travel,"?17,460.00",3,2619,54999,01/08/2019,12:50,Cash,52380,4.761904762,2619,6.70
862-17-9201,B,Abuja,Normal,Female,Food and beverages,"?30,258.00",6,9077.4,190625.4,1/29/2019,10:48,Card,181548,4.761904762,9077.4,7.70
291-21-5991,B,Abuja,Member,Male,Health and beauty,"?22,064.40",5,5516.1,115838.1,3/29/2019,14:28,Cash,110322,4.761904762,5516.1,7.00
347-72-6115,B,Abuja,Member,Female,Sports and travel,"?32,666.40",7,11433.24,240098.04,1/16/2019,18:03,Card,228664.8,4.761904762,11433.24,6.20
425-85-2085,B,Abuja,Member,Male,Health and beauty,"?19,749.60",5,4937.4,103685.4,3/29/2019,16:48,Epay,98748,4.761904762,4937.4,9.80
734-91-1155,B,Abuja,Normal,Female,Electronic accessories,"?16,455.60",3,2468.34,51835.14,3/26/2019,10:34,Card,49366.8,4.761904762,2468.34,7.70
286-62-6248,B,Abuja,Normal,Male,Fashion accessories,"?14,115.60",4,2823.12,59285.52,1/16/2019,20:03,Card,56462.4,4.761904762,2823.12,9.00
339-38-9982,B,Abuja,Member,Male,Fashion accessories,"?21,549.60",2,2154.96,45254.16,1/13/2019,14:55,Epay,43099.2,4.761904762,2154.96,6.70
827-44-5872,B,Abuja,Member,Female,Food and beverages,"?19,569.60",10,9784.8,205480.8,02/07/2019,11:28,Card,195696,4.761904762,9784.8,6.10
857-67-9057,B,Abuja,Normal,Male,Electronic accessories,"?8,262.00",10,4131,86751,02/06/2019,19:20,Epay,82620,4.761904762,4131,8.20
339-12-4827,B,Abuja,Member,Female,Fashion accessories,"?26,625.60",1,1331.28,27956.88,01/05/2019,11:32,Card,26625.6,4.761904762,1331.28,5.00
173-50-1108,B,Abuja,Member,Female,Sports and travel,"?7,264.80",4,1452.96,30512.16,2/13/2019,12:14,Card,29059.2,4.761904762,1452.96,5.00
841-18-8232,B,Abuja,Normal,Female,Food and beverages,"?25,632.00",1,1281.6,26913.6,01/05/2019,20:40,Card,25632,4.761904762,1281.6,9.20
701-23-5550,B,Abuja,Member,Male,Home and lifestyle,"?13,971.60",4,2794.32,58680.72,3/19/2019,13:40,Epay,55886.4,4.761904762,2794.32,4.90
539-21-7227,B,Abuja,Normal,Female,Sports and travel,"?18,554.40",5,4638.6,97410.6,1/26/2019,17:45,Cash,92772,4.761904762,4638.6,4.20
747-58-7183,B,Abuja,Normal,Male,Fashion accessories,"?20,617.20",3,3092.58,64944.18,02/09/2019,20:31,Epay,61851.6,4.761904762,3092.58,6.50
582-52-8065,B,Abuja,Normal,Female,Fashion accessories,"?19,551.60",9,8798.22,184762.62,2/22/2019,10:49,Cash,175964.4,4.761904762,8798.22,8.90
210-57-1719,B,Abuja,Normal,Female,Health and beauty,"?20,966.40",9,9434.88,198132.48,02/05/2019,12:34,Cash,188697.6,4.761904762,9434.88,9.70
356-44-8813,B,Abuja,Normal,Male,Home and lifestyle,"?13,492.80",3,2023.92,42502.32,1/20/2019,13:45,Card,40478.4,4.761904762,2023.92,7.70
198-66-9832,B,Abuja,Member,Female,Fashion accessories,"?25,934.40",2,2593.44,54462.24,02/04/2019,19:38,Cash,51868.8,4.761904762,2593.44,9.50
174-75-0888,B,Abuja,Normal,Male,Electronic accessories,"?7,768.80",9,3495.96,73415.16,3/14/2019,12:32,Cash,69919.2,4.761904762,3495.96,7.30
134-54-4720,B,Abuja,Normal,Female,Electronic accessories,"?15,271.20",8,6108.48,128278.08,1/30/2019,13:58,Epay,122169.6,4.761904762,6108.48,5.70
514-37-2845,B,Abuja,Normal,Male,Fashion accessories,"?35,730.00",2,3573,75033,3/20/2019,13:02,Cash,71460,4.761904762,3573,9.00
241-11-2261,B,Abuja,Normal,Female,Fashion accessories,"?28,749.60",7,10062.36,211309.56,01/10/2019,10:33,Card,201247.2,4.761904762,10062.36,5.50
834-83-1826,B,Abuja,Member,Female,Home and lifestyle,"?29,534.40",5,7383.6,155055.6,2/25/2019,17:16,Card,147672,4.761904762,7383.6,7.60
343-61-3544,B,Abuja,Member,Male,Sports and travel,"?9,601.20",10,4800.6,100812.6,1/29/2019,11:48,Cash,96012,4.761904762,4800.6,8.60
355-34-6244,B,Abuja,Normal,Male,Food and beverages,"?26,060.40",2,2606.04,54726.84,1/13/2019,19:55,Card,52120.8,4.761904762,2606.04,8.10
339-96-8318,B,Abuja,Member,Male,Fashion accessories,"?29,271.60",7,10245.06,215146.26,03/01/2019,19:49,Epay,204901.2,4.761904762,10245.06,6.30
458-61-0011,B,Abuja,Normal,Male,Food and beverages,"?21,708.00",4,4341.6,91173.6,2/20/2019,18:43,Cash,86832,4.761904762,4341.6,5.80
207-73-1363,B,Abuja,Normal,Male,Health and beauty,"?25,023.60",2,2502.36,52549.56,03/01/2019,12:15,Epay,50047.2,4.761904762,2502.36,8.10
359-90-3665,B,Abuja,Member,Female,Fashion accessories,"?6,508.80",4,1301.76,27336.96,1/14/2019,18:03,Card,26035.2,4.761904762,1301.76,9.50
375-72-3056,B,Abuja,Normal,Male,Sports and travel,"?22,701.60",3,3405.24,71510.04,1/19/2019,15:58,Epay,68104.8,4.761904762,3405.24,7.00
585-11-6748,B,Abuja,Member,Male,Sports and travel,"?34,848.00",3,5227.2,109771.2,3/15/2019,13:05,Cash,104544,4.761904762,5227.2,5.30
470-31-3286,B,Abuja,Normal,Male,Health and beauty,"?5,335.20",3,800.28,16805.88,03/01/2019,11:30,Card,16005.6,4.761904762,800.28,8.70
642-30-6693,B,Abuja,Normal,Female,Sports and travel,"?19,623.60",6,5887.08,123628.68,3/17/2019,13:54,Epay,117741.6,4.761904762,5887.08,7.80
830-58-2383,B,Abuja,Normal,Male,Home and lifestyle,"?11,430.00",4,2286,48006,02/08/2019,15:26,Cash,45720,4.761904762,2286,8.60
349-97-8902,B,Abuja,Member,Male,Food and beverages,"?20,840.40",2,2084.04,43764.84,1/17/2019,10:37,Epay,41680.8,4.761904762,2084.04,8.90
789-23-8625,B,Abuja,Member,Male,Fashion accessories,"?33,559.20",3,5033.88,105711.48,1/24/2019,11:45,Cash,100677.6,4.761904762,5033.88,7.20
327-40-9673,B,Abuja,Member,Male,Sports and travel,"?26,136.00",6,7840.8,164656.8,1/13/2019,19:51,Cash,156816,4.761904762,7840.8,6.90
670-79-6321,B,Abuja,Member,Female,Home and lifestyle,"?34,052.40",7,11918.34,250285.14,1/17/2019,15:27,Card,238366.8,4.761904762,11918.34,4.90
852-62-7105,B,Abuja,Normal,Female,Fashion accessories,"?29,970.00",10,14985,314685,01/12/2019,11:25,Card,299700,4.761904762,14985,4.40
598-06-7312,B,Abuja,Member,Male,Fashion accessories,"?32,886.00",1,1644.3,34530.3,2/16/2019,15:42,Cash,32886,4.761904762,1644.3,6.80
135-13-8269,B,Abuja,Member,Female,Food and beverages,"?28,396.80",2,2839.68,59633.28,1/26/2019,16:04,Cash,56793.6,4.761904762,2839.68,9.10
628-90-8624,B,Abuja,Member,Male,Health and beauty,"?29,728.80",10,14864.4,312152.4,3/14/2019,14:41,Cash,297288,4.761904762,14864.4,5.00
420-04-7590,B,Abuja,Normal,Male,Home and lifestyle,"?35,892.00",3,5383.8,113059.8,3/18/2019,11:29,Epay,107676,4.761904762,5383.8,4.70
182-88-2763,B,Abuja,Member,Male,Food and beverages,"?28,767.60",3,4315.14,90617.94,3/20/2019,19:28,Card,86302.8,4.761904762,4315.14,5.00
188-55-0967,B,Abuja,Member,Male,Health and beauty,"?23,929.20",10,11964.6,251256.6,1/15/2019,15:01,Card,239292,4.761904762,11964.6,5.00
364-33-8584,B,Abuja,Member,Female,Food and beverages,"?6,346.80",5,1586.7,33320.7,03/08/2019,15:27,Cash,31734,4.761904762,1586.7,8.50
665-63-9737,B,Abuja,Normal,Male,Fashion accessories,"?18,871.20",3,2830.68,59444.28,2/27/2019,17:36,Epay,56613.6,4.761904762,2830.68,7.50
695-09-5146,B,Abuja,Member,Female,Food and beverages,"?35,564.40",3,5334.66,112027.86,2/23/2019,20:00,Epay,106693.2,4.761904762,5334.66,6.40
794-32-2436,B,Abuja,Member,Male,Electronic accessories,"?20,041.20",2,2004.12,42086.52,3/27/2019,15:08,Epay,40082.4,4.761904762,2004.12,6.00
574-31-8277,B,Abuja,Member,Male,Fashion accessories,"?12,106.80",1,605.34,12712.14,3/20/2019,19:55,Cash,12106.8,4.761904762,605.34,5.60
369-82-2676,B,Abuja,Normal,Male,Electronic accessories,"?27,237.60",5,6809.4,142997.4,1/15/2019,18:22,Epay,136188,4.761904762,6809.4,7.80
563-47-4072,B,Abuja,Normal,Female,Health and beauty,"?20,091.60",6,6027.48,126577.08,1/22/2019,11:52,Cash,120549.6,4.761904762,6027.48,9.90
149-15-7606,B,Abuja,Member,Male,Sports and travel,"?13,435.20",9,6045.84,126962.64,03/06/2019,15:31,Epay,120916.8,4.761904762,6045.84,5.10
133-77-3154,B,Abuja,Member,Male,Fashion accessories,"?21,664.80",4,4332.96,90992.16,2/16/2019,18:04,Card,86659.2,4.761904762,4332.96,9.40
322-02-2271,B,Abuja,Normal,Female,Sports and travel,"?15,469.20",3,2320.38,48727.98,02/03/2019,11:46,Cash,46407.6,4.761904762,2320.38,9.30
725-67-2480,B,Abuja,Member,Female,Fashion accessories,"?21,150.00",6,6345,133245,3/24/2019,18:14,Card,126900,4.761904762,6345,5.90
779-42-2410,B,Abuja,Member,Male,Food and beverages,"?20,786.40",3,3117.96,65477.16,2/20/2019,13:06,Epay,62359.2,4.761904762,3117.96,7.70
190-14-3147,B,Abuja,Normal,Female,Health and beauty,"?6,469.20",4,1293.84,27170.64,2/23/2019,20:43,Epay,25876.8,4.761904762,1293.84,6.40
679-22-6530,B,Abuja,Normal,Female,Sports and travel,"?14,623.20",2,1462.32,30708.72,1/17/2019,10:01,Card,29246.4,4.761904762,1462.32,4.10
642-61-4706,B,Abuja,Member,Male,Food and beverages,"?33,624.00",2,3362.4,70610.4,3/30/2019,16:34,Cash,67248,4.761904762,3362.4,5.50
576-31-4774,B,Abuja,Normal,Female,Health and beauty,"?26,427.60",3,3964.14,83246.94,03/02/2019,13:10,Epay,79282.8,4.761904762,3964.14,4.00
242-11-3142,B,Abuja,Member,Male,Fashion accessories,"?30,157.20",2,3015.72,63330.12,2/24/2019,19:57,Cash,60314.4,4.761904762,3015.72,4.60
752-23-3760,B,Abuja,Member,Female,Sports and travel,"?23,068.80",7,8074.08,169555.68,2/19/2019,19:29,Card,161481.6,4.761904762,8074.08,7.30
528-87-5606,B,Abuja,Member,Female,Electronic accessories,"?14,212.80",1,710.64,14923.44,02/12/2019,19:43,Cash,14212.8,4.761904762,710.64,6.50
320-85-2052,B,Abuja,Normal,Female,Sports and travel,"?12,531.60",1,626.58,13158.18,1/14/2019,10:11,Card,12531.6,4.761904762,626.58,7.00
510-79-0415,B,Abuja,Member,Female,Sports and travel,"?8,308.80",6,2492.64,52345.44,1/24/2019,19:20,Epay,49852.8,4.761904762,2492.64,4.90
241-96-5076,B,Abuja,Member,Female,Home and lifestyle,"?17,676.00",2,1767.6,37119.6,01/08/2019,12:58,Card,35352,4.761904762,1767.6,6.40
767-97-4650,B,Abuja,Member,Female,Sports and travel,"?23,338.80",2,2333.88,49011.48,01/08/2019,11:59,Card,46677.6,4.761904762,2333.88,8.00
826-58-8051,B,Abuja,Normal,Male,Home and lifestyle,"?22,388.40",4,4477.68,94031.28,01/06/2019,19:46,Epay,89553.6,4.761904762,4477.68,4.30
176-64-7711,B,Abuja,Normal,Male,Food and beverages,"?11,635.20",3,1745.28,36650.88,3/27/2019,19:11,Card,34905.6,4.761904762,1745.28,4.30
191-29-0321,B,Abuja,Member,Female,Fashion accessories,"?7,117.20",10,3558.6,74730.6,2/27/2019,18:57,Card,71172,4.761904762,3558.6,5.00
729-06-2010,B,Abuja,Member,Male,Health and beauty,"?28,969.20",9,13036.14,273758.94,01/06/2019,11:18,Cash,260722.8,4.761904762,13036.14,9.20
640-48-5028,B,Abuja,Member,Female,Home and lifestyle,"?31,820.40",9,14319.18,300702.78,03/02/2019,12:40,Cash,286383.6,4.761904762,14319.18,6.30
186-79-9562,B,Abuja,Normal,Male,Health and beauty,"?25,837.20",7,9043.02,189903.42,3/29/2019,14:06,Cash,180860.4,4.761904762,9043.02,8.90
834-45-5519,B,Abuja,Normal,Female,Electronic accessories,"?15,480.00",4,3096,65016,1/31/2019,20:48,Epay,61920,4.761904762,3096,7.60
821-14-9046,B,Abuja,Member,Female,Fashion accessories,"?6,292.80",6,1887.84,39644.64,1/18/2019,15:04,Card,37756.8,4.761904762,1887.84,6.10
418-05-0656,B,Abuja,Normal,Female,Fashion accessories,"?9,201.60",7,3220.56,67631.76,02/02/2019,20:42,Cash,64411.2,4.761904762,3220.56,7.10
776-68-1096,B,Abuja,Normal,Male,Home and lifestyle,"?15,883.20",3,2382.48,50032.08,3/18/2019,13:45,Card,47649.6,4.761904762,2382.48,7.90
434-35-9162,B,Abuja,Member,Male,Food and beverages,"?8,402.40",4,1680.48,35290.08,02/04/2019,18:53,Epay,33609.6,4.761904762,1680.48,7.40
174-64-0215,B,Abuja,Normal,Male,Sports and travel,"?25,106.40",10,12553.2,263617.2,03/05/2019,17:49,Card,251064,4.761904762,12553.2,8.90
299-29-0180,B,Abuja,Member,Female,Home and lifestyle,"?18,784.80",7,6574.68,138068.28,03/09/2019,10:54,Cash,131493.6,4.761904762,6574.68,9.30
438-23-1242,B,Abuja,Normal,Male,Electronic accessories,"?27,316.80",7,9560.88,200778.48,1/24/2019,10:38,Epay,191217.6,4.761904762,9560.88,8.90
238-45-6950,B,Abuja,Member,Male,Food and beverages,"?19,339.20",1,966.96,20306.16,03/01/2019,20:03,Epay,19339.2,4.761904762,966.96,6.40
197-77-7132,B,Abuja,Member,Male,Electronic accessories,"?32,961.60",8,13184.64,276877.44,01/12/2019,18:22,Epay,263692.8,4.761904762,13184.64,6.00
457-13-1708,B,Abuja,Member,Male,Fashion accessories,"?23,482.80",10,11741.4,246569.4,01/08/2019,19:07,Card,234828,4.761904762,11741.4,5.20
487-79-6868,B,Abuja,Member,Female,Home and lifestyle,"?4,424.40",9,1990.98,41810.58,3/26/2019,19:28,Card,39819.6,4.761904762,1990.98,8.00
210-30-7976,B,Abuja,Member,Female,Fashion accessories,"?8,035.20",4,1607.04,33747.84,3/14/2019,11:16,Epay,32140.8,4.761904762,1607.04,4.10
775-72-1988,B,Abuja,Normal,Male,Home and lifestyle,"?26,380.80",5,6595.2,138499.2,1/24/2019,15:05,Epay,131904,4.761904762,6595.2,8.40
785-96-0615,B,Abuja,Member,Female,Electronic accessories,"?12,866.40",8,5146.56,108077.76,2/17/2019,15:28,Epay,102931.2,4.761904762,5146.56,4.90
842-40-8179,B,Abuja,Member,Female,Food and beverages,"?27,792.00",10,13896,291816,02/11/2019,10:38,Card,277920,4.761904762,13896,5.60
525-09-8450,B,Abuja,Normal,Male,Electronic accessories,"?25,966.80",10,12983.4,272651.4,1/31/2019,15:12,Card,259668,4.761904762,12983.4,4.20
593-14-4239,B,Abuja,Normal,Female,Home and lifestyle,"?34,365.60",8,13746.24,288671.04,03/05/2019,19:40,Epay,274924.8,4.761904762,13746.24,4.70
388-76-2555,B,Abuja,Normal,Male,Sports and travel,"?4,928.40",6,1478.52,31048.92,2/13/2019,13:59,Cash,29570.4,4.761904762,1478.52,6.30
711-31-1234,B,Abuja,Normal,Female,Electronic accessories,"?34,430.40",4,6886.08,144607.68,3/16/2019,18:51,Cash,137721.6,4.761904762,6886.08,7.90
707-32-7409,B,Abuja,Member,Female,Sports and travel,"?34,394.40",4,6878.88,144456.48,2/26/2019,11:58,Epay,137577.6,4.761904762,6878.88,4.50
120-54-2248,B,Abuja,Normal,Female,Food and beverages,"?10,389.60",5,2597.4,54545.4,1/22/2019,18:08,Card,51948,4.761904762,2597.4,8.00
875-31-8302,B,Abuja,Normal,Male,Sports and travel,"?33,616.80",1,1680.84,35297.64,01/03/2019,13:07,Cash,33616.8,4.761904762,1680.84,9.60
457-94-0464,B,Abuja,Member,Male,Electronic accessories,"?31,633.20",9,14234.94,298933.74,1/31/2019,20:32,Epay,284698.8,4.761904762,14234.94,5.60
744-16-7898,B,Abuja,Normal,Female,Home and lifestyle,"?35,053.20",10,17526.6,368058.6,1/15/2019,13:48,Card,350532,4.761904762,17526.6,4.90
605-83-1050,B,Abuja,Normal,Male,Fashion accessories,"?9,784.80",2,978.48,20548.08,3/15/2019,16:26,Epay,19569.6,4.761904762,978.48,4.30
359-94-5395,B,Abuja,Normal,Male,Health and beauty,"?33,400.80",1,1670.04,35070.84,3/15/2019,10:50,Card,33400.8,4.761904762,1670.04,9.80
751-15-6198,B,Abuja,Normal,Male,Sports and travel,"?8,283.60",6,2485.08,52186.68,01/12/2019,16:45,Epay,49701.6,4.761904762,2485.08,7.90
831-81-6575,B,Abuja,Member,Female,Electronic accessories,"?27,212.40",9,12245.58,257157.18,2/23/2019,11:12,Cash,244911.6,4.761904762,12245.58,8.00
559-61-5987,B,Abuja,Normal,Female,Health and beauty,"?6,390.00",1,319.5,6709.5,1/14/2019,10:38,Cash,6390,4.761904762,319.5,8.60
565-91-4567,B,Abuja,Normal,Male,Health and beauty,"?3,870.00",8,1548,32508,3/15/2019,14:38,Epay,30960,4.761904762,1548,6.20
499-27-7781,B,Abuja,Normal,Female,Food and beverages,"?19,155.60",8,7662.24,160907.04,3/14/2019,16:45,Epay,153244.8,4.761904762,7662.24,5.00
869-11-3082,B,Abuja,Member,Male,Health and beauty,"?34,617.60",4,6923.52,145393.92,1/27/2019,20:03,Card,138470.4,4.761904762,6923.52,8.40
190-59-3964,B,Abuja,Member,Male,Food and beverages,"?16,977.60",5,4244.4,89132.4,02/03/2019,14:35,Card,84888,4.761904762,4244.4,6.00
366-43-6862,B,Abuja,Normal,Male,Electronic accessories,"?19,040.40",4,3808.08,79969.68,3/25/2019,16:32,Epay,76161.6,4.761904762,3808.08,6.70
109-86-4363,B,Abuja,Member,Female,Sports and travel,"?21,628.80",7,7570.08,158971.68,2/14/2019,11:36,Card,151401.6,4.761904762,7570.08,4.50
222-42-0244,B,Abuja,Member,Female,Health and beauty,"?25,959.60",9,11681.82,245318.22,1/28/2019,13:53,Card,233636.4,4.761904762,11681.82,7.70
636-17-0325,B,Abuja,Normal,Male,Health and beauty,"?22,525.20",4,4505.04,94605.84,2/25/2019,18:37,Cash,90100.8,4.761904762,4505.04,9.50
343-75-9322,B,Abuja,Member,Female,Sports and travel,"?4,266.00",8,1706.4,35834.4,01/09/2019,16:34,Cash,34128,4.761904762,1706.4,4.10
427-45-9297,B,Abuja,Member,Female,Home and lifestyle,"?14,662.80",7,5131.98,107771.58,03/12/2019,11:01,Epay,102639.6,4.761904762,5131.98,5.40
670-71-7306,B,Abuja,Normal,Male,Sports and travel,"?16,066.80",6,4820.04,101220.84,01/02/2019,20:08,Card,96400.8,4.761904762,4820.04,5.10
291-59-1384,B,Abuja,Normal,Male,Electronic accessories,"?21,708.00",1,1085.4,22793.4,2/28/2019,17:38,Cash,21708,4.761904762,1085.4,6.00
866-70-2814,B,Abuja,Normal,Female,Electronic accessories,"?19,004.40",10,9502.2,199546.2,2/25/2019,11:58,Epay,190044,4.761904762,9502.2,10.00
895-03-6665,B,Abuja,Normal,Female,Fashion accessories,"?13,143.60",9,5914.62,124207.02,2/16/2019,10:52,Cash,118292.4,4.761904762,5914.62,4.20
770-42-8960,B,Abuja,Normal,Male,Food and beverages,"?7,603.20",8,3041.28,63866.88,01/01/2019,19:31,Cash,60825.6,4.761904762,3041.28,6.30
234-36-2483,B,Abuja,Normal,Male,Health and beauty,"?20,732.40",6,6219.72,130614.12,2/15/2019,13:51,Cash,124394.4,4.761904762,6219.72,5.10
152-03-4217,B,Abuja,Normal,Female,Home and lifestyle,"?4,060.80",9,1827.36,38374.56,3/17/2019,11:55,Card,36547.2,4.761904762,1827.36,4.30
533-66-5566,B,Abuja,Normal,Female,Home and lifestyle,"?18,385.20",7,6434.82,135131.22,01/12/2019,11:42,Cash,128696.4,4.761904762,6434.82,7.00
361-59-0574,B,Abuja,Member,Male,Sports and travel,"?32,590.80",8,13036.32,273762.72,3/15/2019,14:48,Card,260726.4,4.761904762,13036.32,6.50
544-55-9589,B,Abuja,Member,Female,Electronic accessories,"?7,714.80",10,3857.4,81005.4,1/28/2019,11:51,Cash,77148,4.761904762,3857.4,6.20
608-05-3804,B,Abuja,Member,Male,Electronic accessories,"?14,310.00",1,715.5,15025.5,2/25/2019,20:19,Cash,14310,4.761904762,715.5,6.10
761-49-0439,B,Abuja,Member,Female,Electronic accessories,"?4,356.00",8,1742.4,36590.4,1/19/2019,10:17,Epay,34848,4.761904762,1742.4,8.60
490-95-0021,B,Abuja,Member,Female,Food and beverages,"?11,955.60",10,5977.8,125533.8,01/08/2019,14:25,Epay,119556,4.761904762,5977.8,6.00
311-13-6971,B,Abuja,Member,Male,Sports and travel,"?11,516.40",10,5758.2,120922.2,2/20/2019,15:18,Card,115164,4.761904762,5758.2,9.90
114-35-5271,B,Abuja,Normal,Female,Electronic accessories,"?20,847.60",8,8339.04,175119.84,02/07/2019,15:06,Cash,166780.8,4.761904762,8339.04,8.10
715-20-1673,B,Abuja,Normal,Male,Electronic accessories,"?10,216.80",5,2554.2,53638.2,03/06/2019,20:57,Cash,51084,4.761904762,2554.2,9.40
811-35-1094,B,Abuja,Member,Male,Electronic accessories,"?18,162.00",6,5448.6,114420.6,02/06/2019,15:16,Card,108972,4.761904762,5448.6,8.90
699-88-1972,B,Abuja,Normal,Male,Health and beauty,"?35,697.60",8,14279.04,299859.84,1/28/2019,17:47,Card,285580.8,4.761904762,14279.04,4.20
509-10-0516,B,Abuja,Normal,Male,Home and lifestyle,"?16,549.20",4,3309.84,69506.64,02/09/2019,12:02,Epay,66196.8,4.761904762,3309.84,5.10
851-98-3555,B,Abuja,Normal,Female,Health and beauty,"?29,836.80",5,7459.2,156643.2,3/24/2019,14:08,Card,149184,4.761904762,7459.2,6.60
624-01-8356,B,Abuja,Normal,Female,Home and lifestyle,"?17,643.60",10,8821.8,185257.8,1/27/2019,10:44,Card,176436,4.761904762,8821.8,4.20
313-66-9943,B,Abuja,Member,Female,Food and beverages,"?10,494.00",3,1574.1,33056.1,3/27/2019,20:29,Card,31482,4.761904762,1574.1,7.30
777-67-2495,B,Abuja,Normal,Male,Home and lifestyle,"?24,829.20",3,3724.38,78211.98,2/22/2019,11:26,Epay,74487.6,4.761904762,3724.38,8.70
636-98-3364,B,Abuja,Member,Female,Electronic accessories,"?9,453.60",3,1418.04,29778.84,03/02/2019,12:36,Epay,28360.8,4.761904762,1418.04,6.30
181-82-6255,B,Abuja,Normal,Female,Home and lifestyle,"?5,893.20",6,1767.96,37127.16,02/08/2019,10:58,Cash,35359.2,4.761904762,1767.96,7.00
226-34-0034,B,Abuja,Normal,Female,Electronic accessories,"?4,960.80",4,992.16,20835.36,01/10/2019,11:10,Epay,19843.2,4.761904762,992.16,9.00
321-49-7382,B,Abuja,Member,Male,Sports and travel,"?31,791.60",1,1589.58,33381.18,2/15/2019,17:38,Card,31791.6,4.761904762,1589.58,5.20
431-66-2305,B,Abuja,Normal,Female,Electronic accessories,"?31,770.00",9,14296.5,300226.5,2/15/2019,20:51,Card,285930,4.761904762,14296.5,7.60
825-94-5922,B,Abuja,Normal,Male,Sports and travel,"?9,111.60",2,911.16,19134.36,03/02/2019,19:26,Epay,18223.2,4.761904762,911.16,7.20
641-62-7288,B,Abuja,Normal,Male,Home and lifestyle,"?35,971.20",6,10791.36,226618.56,3/24/2019,13:33,Epay,215827.2,4.761904762,10791.36,7.10
501-61-1753,B,Abuja,Normal,Female,Home and lifestyle,"?22,734.00",6,6820.2,143224.2,01/03/2019,20:24,Epay,136404,4.761904762,6820.2,9.80
676-10-2200,B,Abuja,Member,Male,Fashion accessories,"?19,360.80",1,968.04,20328.84,02/03/2019,20:13,Epay,19360.8,4.761904762,968.04,4.70
365-16-4334,B,Abuja,Normal,Female,Food and beverages,"?9,514.80",8,3805.92,79924.32,2/24/2019,14:26,Epay,76118.4,4.761904762,3805.92,8.90
503-21-4385,B,Abuja,Member,Male,Health and beauty,"?14,367.60",3,2155.14,45257.94,2/21/2019,12:40,Epay,43102.8,4.761904762,2155.14,9.30
305-89-2768,B,Abuja,Member,Female,Home and lifestyle,"?7,884.00",3,1182.6,24834.6,01/09/2019,18:43,Epay,23652,4.761904762,1182.6,4.70
574-80-1489,B,Abuja,Member,Female,Food and beverages,"?22,626.00",4,4525.2,95029.2,2/25/2019,13:22,Epay,90504,4.761904762,4525.2,8.70
200-40-6154,B,Abuja,Member,Male,Home and lifestyle,"?23,727.60",6,7118.28,149483.88,02/09/2019,11:45,Cash,142365.6,4.761904762,7118.28,5.70
430-02-3888,B,Abuja,Normal,Male,Electronic accessories,"?16,567.20",6,4970.16,104373.36,02/07/2019,15:55,Cash,99403.2,4.761904762,4970.16,7.10
794-42-3736,B,Abuja,Normal,Male,Food and beverages,"?11,998.80",2,1199.88,25197.48,1/26/2019,14:41,Card,23997.6,4.761904762,1199.88,6.40
172-42-8274,B,Abuja,Normal,Female,Electronic accessories,"?13,777.20",2,1377.72,28932.12,03/02/2019,18:18,Card,27554.4,4.761904762,1377.72,5.80
214-30-2776,B,Abuja,Member,Female,Electronic accessories,"?12,416.40",5,3104.1,65186.1,03/11/2019,19:44,Card,62082,4.761904762,3104.1,9.00
746-04-1077,B,Abuja,Member,Female,Food and beverages,"?30,466.80",10,15233.4,319901.4,01/01/2019,11:36,Card,304668,4.761904762,15233.4,9.00
448-34-8700,B,Abuja,Member,Male,Home and lifestyle,"?13,287.60",7,4650.66,97663.86,02/10/2019,13:51,Epay,93013.2,4.761904762,4650.66,6.70
452-04-8808,B,Abuja,Normal,Male,Electronic accessories,"?31,348.80",7,10972.08,230413.68,1/26/2019,15:17,Cash,219441.6,4.761904762,10972.08,5.50
883-69-1285,B,Abuja,Member,Male,Fashion accessories,"?17,971.20",2,1797.12,37739.52,03/06/2019,11:55,Card,35942.4,4.761904762,1797.12,7.00
518-71-6847,B,Abuja,Member,Male,Food and beverages,"?9,576.00",6,2872.8,60328.8,2/26/2019,15:10,Epay,57456,4.761904762,2872.8,4.90
156-20-0370,B,Abuja,Normal,Female,Electronic accessories,"?9,162.00",1,458.1,9620.1,03/10/2019,18:10,Card,9162,4.761904762,458.1,5.10
151-33-7434,B,Abuja,Normal,Female,Food and beverages,"?24,397.20",1,1219.86,25617.06,02/04/2019,20:43,Card,24397.2,4.761904762,1219.86,6.50
374-38-5555,B,Abuja,Normal,Female,Fashion accessories,"?22,935.60",5,5733.9,120411.9,02/07/2019,19:30,Epay,114678,4.761904762,5733.9,8.50
764-44-8999,B,Abuja,Normal,Female,Health and beauty,"?5,313.60",2,531.36,11158.56,2/18/2019,14:42,Epay,10627.2,4.761904762,531.36,4.30
552-44-5977,B,Abuja,Member,Male,Health and beauty,"?22,320.00",8,8928,187488,01/03/2019,19:08,Card,178560,4.761904762,8928,6.20
430-53-4718,B,Abuja,Member,Male,Health and beauty,"?27,133.20",8,10853.28,227918.88,1/28/2019,15:46,Card,217065.6,4.761904762,10853.28,8.40
602-16-6955,B,Abuja,Normal,Female,Sports and travel,"?27,576.00",10,13788,289548,1/24/2019,18:10,Epay,275760,4.761904762,13788,6.00
690-01-6631,B,Abuja,Normal,Male,Fashion accessories,"?6,296.40",10,3148.2,66112.2,2/22/2019,18:35,Epay,62964,4.761904762,3148.2,6.60
303-96-2227,B,Abuja,Normal,Female,Home and lifestyle,"?35,056.80",10,17528.4,368096.4,03/02/2019,17:16,Epay,350568,4.761904762,17528.4,4.40
